{"cameraMode":{"drawMode":0,"name":"Shaded","section":"Shading Mode"},"sceneLighting":false,"audioPlay":false,"sceneViewState":{"m_AlwaysRefresh":false,"showFog":true,"showSkybox":false,"showFlares":true,"showImageEffects":true,"showParticleSystems":true,"showVisualEffectGraphs":true,"m_FxEnabled":true},"in2DMode":false,"pivot":{"x":5.199999809265137,"y":0.6000000238418579,"z":67.5999984741211},"rotation":{"x":0.21059700846672059,"y":-0.05089364945888519,"z":0.010982885956764222,"w":0.9761961698532105},"size":47.161930084228519,"orthographic":false}